x,y,micro_sector
0,47,123
0,48,123
0,49,123
0,50,123
0,51,123
0,52,124
0,53,125
0,54,125
0,55,125
0,56,125
0,57,126
0,58,126
0,59,127
0,60,127
0,61,127
0,62,128
0,63,128
0,64,129
0,65,129
0,66,129
0,67,130
0,68,130
0,69,130
0,70,130
0,71,130
0,72,132
0,73,132
0,74,132
0,75,132
0,76,132
0,77,132
1,44,122
1,45,122
1,46,122
1,47,122
1,48,123
1,49,123
1,50,123
1,51,123
1,52,124
1,53,124
1,54,125
1,55,125
1,56,125
1,57,126
1,58,126
1,59,127
1,60,127
1,61,127
1,62,128
1,63,128
1,64,129
1,65,129
1,66,129
1,67,130
1,68,130
1,69,130
1,70,130
1,71,131
1,72,132
1,73,132
1,74,132
1,75,132
1,76,132
1,77,133
1,78,133
1,79,133
1,80,133
2,44,122
2,45,122
2,46,122
2,47,122
2,48,122
2,49,123
2,50,123
2,51,123
2,52,124
2,53,124
2,54,125
2,55,125
2,56,125
2,57,126
2,58,126
2,59,127
2,60,127
2,61,127
2,62,128
2,63,128
2,64,129
2,65,129
2,66,129
2,67,130
2,68,130
2,69,130
2,70,131
2,71,131
2,72,132
2,73,132
2,74,132
2,75,132
2,76,133
2,77,133
2,78,133
2,79,133
2,80,134
2,81,134
2,82,134
3,42,121
3,43,121
3,44,122
3,45,122
3,46,122
3,47,122
3,48,122
3,49,123
3,50,123
3,51,123
3,52,124
3,53,124
3,54,124
3,55,125
3,56,125
3,57,126
3,58,126
3,59,127
3,60,127
3,61,127
3,62,128
3,63,128
3,64,129
3,65,129
3,66,129
3,67,130
3,68,130
3,69,130
3,70,131
3,71,131
3,72,132
3,73,132
3,74,132
3,75,133
3,76,133
3,77,133
3,78,133
3,79,134
3,80,134
3,81,134
3,82,134
4,39,120
4,40,120
4,41,120
4,42,120
4,43,121
4,44,121
4,45,122
4,46,122
4,47,122
4,48,122
4,49,122
4,50,123
4,51,123
4,52,124
4,53,124
4,54,124
4,55,125
4,56,125
4,57,126
4,58,126
4,59,127
4,60,127
4,61,127
4,62,128
4,63,128
4,64,129
4,65,129
4,66,129
4,67,130
4,68,130
4,69,130
4,70,131
4,71,131
4,72,132
4,73,132
4,74,132
4,75,133
4,76,133
4,77,133
4,78,134
4,79,134
4,80,134
4,81,134
4,82,135
4,83,135
4,84,135
4,85,135
5,37,119
5,38,119
5,39,119
5,40,120
5,41,120
5,42,120
5,43,120
5,44,121
5,45,121
5,46,122
5,47,122
5,48,122
5,49,122
5,50,123
5,51,123
5,52,124
5,53,124
5,54,124
5,55,125
5,56,125
5,57,126
5,58,126
5,59,127
5,60,127
5,61,127
5,62,128
5,63,128
5,64,129
5,65,129
5,66,129
5,67,130
5,68,130
5,69,131
5,70,131
5,71,131
5,72,132
5,73,132
5,74,132
5,75,133
5,76,133
5,77,133
5,78,134
5,79,134
5,80,134
5,81,135
5,82,135
5,83,135
5,84,135
5,85,136
5,86,136
5,87,136
6,37,119
6,38,119
6,39,119
6,40,119
6,41,120
6,42,120
6,43,120
6,44,121
6,45,121
6,46,121
6,47,122
6,48,122
6,49,122
6,50,123
6,51,123
6,52,124
6,53,124
6,54,124
6,55,124
6,56,125
6,57,126
6,58,126
6,59,127
6,60,127
6,61,127
6,62,128
6,63,128
6,64,129
6,65,129
6,66,129
6,67,130
6,68,130
6,69,131
6,70,131
6,71,131
6,72,132
6,73,132
6,74,133
6,75,133
6,76,133
6,77,134
6,78,134
6,79,134
6,80,134
6,81,135
6,82,135
6,83,135
6,84,136
6,85,136
6,86,136
6,87,137
6,88,137
7,35,118
7,36,118
7,37,119
7,38,119
7,39,119
7,40,119
7,41,119
7,42,120
7,43,120
7,44,120
7,45,121
7,46,121
7,47,121
7,48,122
7,49,122
7,50,122
7,51,123
7,52,124
7,53,124
7,54,124
7,55,124
7,56,124
7,57,126
7,58,126
7,59,127
7,60,127
7,61,127
7,62,128
7,63,128
7,64,129
7,65,129
7,66,129
7,67,130
7,68,131
7,69,131
7,70,131
7,71,131
7,72,132
7,73,132
7,74,133
7,75,133
7,76,133
7,77,134
7,78,134
7,79,134
7,80,135
7,81,135
7,82,135
7,83,136
7,84,136
7,85,136
7,86,137
7,87,137
7,88,138
7,89,138
7,90,138
8,35,118
8,36,118
8,37,118
8,38,119
8,39,119
8,40,119
8,41,119
8,42,120
8,43,120
8,44,120
8,45,121
8,46,121
8,47,121
8,48,121
8,49,122
8,50,122
8,51,122
8,52,124
8,53,124
8,54,124
8,55,124
8,56,124
8,57,124
8,60,127
8,63,128
8,65,129
8,67,131
8,68,131
8,69,131
8,70,131
8,71,131
8,72,132
8,73,133
8,74,133
8,75,133
8,76,134
8,77,134
8,78,134
8,79,135
8,80,135
8,81,135
8,82,135
8,83,136
8,84,136
8,85,137
8,86,137
8,87,138
8,88,138
8,89,138
8,90,138
9,33,117
9,34,117
9,35,118
9,36,118
9,37,118
9,38,118
9,39,119
9,40,119
9,41,119
9,42,119
9,43,120
9,44,120
9,45,121
9,46,121
9,47,121
9,48,121
9,49,121
9,50,122
9,51,122
9,52,122
9,53,124
9,71,131
9,72,133
9,73,133
9,74,133
9,75,134
9,76,134
9,77,134
9,78,134
9,79,135
9,80,135
9,81,135
9,82,136
9,83,136
9,84,137
9,85,137
9,86,138
9,87,138
9,88,138
9,89,138
9,90,139
9,91,139
9,92,139
10,33,117
10,34,117
10,35,117
10,36,118
10,37,118
10,38,118
10,39,118
10,40,119
10,41,119
10,42,119
10,43,120
10,44,120
10,45,120
10,46,121
10,47,121
10,48,121
10,49,121
10,50,121
10,74,134
10,75,134
10,76,134
10,77,134
10,78,135
10,79,135
10,80,135
10,81,135
10,82,136
10,83,137
10,84,137
10,85,137
10,86,138
10,87,138
10,88,138
10,89,139
10,90,139
10,91,139
10,92,139
11,31,116
11,32,116
11,33,117
11,34,117
11,35,117
11,36,117
11,37,118
11,38,118
11,39,118
11,40,118
11,41,119
11,42,119
11,43,119
11,44,120
11,45,120
11,46,120
11,47,121
11,48,121
11,49,121
11,50,121
11,77,135
11,78,135
11,79,135
11,80,135
11,81,136
11,82,137
11,83,137
11,84,137
11,85,138
11,86,138
11,87,138
11,88,139
11,89,139
11,90,139
11,91,139
11,92,140
11,93,140
11,94,140
12,31,116
12,32,116
12,33,116
12,34,117
12,35,117
12,36,117
12,37,117
12,38,118
12,39,118
12,40,118
12,41,118
12,42,119
12,43,119
12,44,119
12,45,120
12,46,120
12,47,120
12,77,135
12,78,135
12,79,135
12,80,136
12,81,137
12,82,137
12,83,137
12,84,137
12,85,138
12,86,138
12,87,139
12,88,139
12,89,139
12,90,139
12,91,140
12,92,140
12,93,140
12,94,140
13,29,115
13,30,115
13,31,116
13,32,116
13,33,116
13,34,116
13,35,117
13,36,117
13,37,117
13,38,117
13,39,118
13,40,118
13,41,118
13,42,118
13,43,119
13,44,119
13,45,119
13,79,136
13,80,137
13,81,137
13,82,137
13,83,137
13,84,138
13,85,138
13,86,139
13,87,139
13,88,139
13,89,139
13,90,140
13,91,140
13,92,140
13,93,140
13,94,141
13,95,141
13,96,141
14,29,115
14,30,115
14,31,115
14,32,116
14,33,116
14,34,116
14,35,116
14,36,117
14,37,117
14,38,117
14,39,117
14,40,118
14,41,118
14,42,118
14,43,118
14,80,137
14,81,137
14,82,137
14,83,138
14,84,138
14,85,139
14,86,139
14,87,139
14,88,139
14,89,140
14,90,140
14,91,140
14,92,140
14,93,141
14,94,141
14,95,141
14,96,141
15,27,114
15,28,114
15,29,115
15,30,115
15,31,115
15,32,115
15,33,116
15,34,116
15,35,116
15,36,116
15,37,117
15,38,117
15,39,117
15,40,117
15,41,118
15,42,118
15,43,118
15,63,85
15,66,84
15,82,138
15,83,138
15,84,139
15,85,139
15,86,139
15,87,139
15,88,140
15,89,140
15,90,140
15,91,140
15,92,141
15,93,141
15,94,141
15,95,141
15,96,141
16,26,113
16,27,114
16,28,114
16,29,114
16,30,115
16,31,115
16,32,115
16,33,115
16,34,116
16,35,116
16,36,116
16,37,116
16,38,117
16,39,117
16,40,117
16,41,117
16,59,85
16,60,85
16,61,85
16,62,85
16,63,85
16,64,85
16,65,84
16,66,84
16,67,84
16,68,84
16,69,84
16,70,84
16,84,139
16,85,139
16,86,139
16,87,140
16,88,140
16,89,140
16,90,140
16,91,141
16,92,141
16,93,141
16,94,141
16,95,141
16,96,141
16,97,142
17,26,113
17,27,113
17,28,114
17,29,114
17,30,114
17,31,115
17,32,115
17,33,115
17,34,115
17,35,116
17,36,116
17,37,116
17,38,116
17,39,117
17,40,117
17,41,117
17,57,86
17,58,86
17,59,86
17,60,85
17,61,85
17,62,85
17,63,85
17,64,85
17,65,84
17,66,84
17,67,84
17,68,84
17,69,84
17,70,83
17,71,83
17,72,83
17,84,139
17,85,139
17,86,140
17,87,140
17,88,140
17,89,140
17,90,141
17,91,141
17,92,141
17,93,141
17,94,141
17,95,141
17,96,142
17,97,142
18,26,113
18,27,113
18,28,113
18,29,114
18,30,114
18,31,114
18,32,115
18,33,115
18,34,115
18,35,115
18,36,116
18,37,116
18,38,116
18,39,116
18,54,87
18,55,87
18,56,87
18,57,87
18,58,86
18,59,86
18,60,86
18,61,85
18,62,85
18,63,85
18,64,85
18,65,84
18,66,84
18,67,84
18,68,84
18,69,83
18,70,83
18,71,83
18,72,83
18,86,140
18,87,140
18,88,140
18,89,141
18,90,141
18,91,141
18,92,141
18,93,141
18,94,142
18,95,142
18,96,142
18,97,143
18,98,143
18,99,143
19,25,112
19,26,113
19,27,113
19,28,113
19,29,113
19,30,114
19,31,114
19,32,114
19,33,115
19,34,115
19,35,115
19,36,115
19,37,116
19,38,116
19,39,116
19,54,87
19,55,87
19,56,87
19,57,87
19,58,87
19,59,86
19,60,86
19,61,86
19,62,85
19,63,85
19,64,85
19,65,84
19,66,84
19,67,84
19,68,83
19,69,83
19,70,83
19,71,83
19,72,83
19,73,82
19,74,82
19,86,140
19,87,140
19,88,141
19,89,141
19,90,141
19,91,142
19,92,142
19,93,142
19,94,142
19,95,142
19,96,143
19,97,143
19,98,143
19,99,143
20,25,112
20,26,112
20,27,113
20,28,113
20,29,113
20,30,113
20,31,114
20,32,114
20,33,114
20,34,115
20,35,115
20,36,115
20,37,115
20,52,88
20,53,88
20,54,88
20,55,87
20,56,87
20,57,87
20,58,87
20,59,87
20,60,86
20,61,86
20,62,85
20,63,85
20,64,85
20,65,84
20,66,84
20,67,84
20,68,83
20,69,83
20,70,83
20,71,83
20,72,82
20,73,82
20,74,82
20,88,141
20,89,141
20,90,142
20,91,142
20,92,142
20,93,142
20,94,142
20,95,143
20,96,143
20,97,143
20,98,143
20,99,143
20,100,144
21,24,111
21,25,112
21,26,112
21,27,112
21,28,113
21,29,113
21,30,113
21,31,113
21,32,114
21,33,114
21,34,114
21,35,115
21,36,115
21,37,115
21,52,88
21,53,88
21,54,88
21,55,88
21,56,87
21,57,87
21,58,87
21,59,87
21,60,86
21,61,86
21,62,86
21,63,85
21,64,85
21,65,84
21,66,84
21,67,83
21,68,83
21,69,83
21,70,83
21,71,82
21,72,82
21,73,82
21,74,82
21,88,141
21,89,142
21,90,142
21,91,142
21,92,142
21,93,142
21,94,143
21,95,143
21,96,143
21,97,143
21,98,143
21,99,144
21,100,144
22,24,111
22,25,111
22,26,112
22,27,112
22,28,112
22,29,112
22,30,112
22,31,113
22,32,113
22,33,114
22,34,114
22,35,114
22,51,89
22,52,88
22,53,88
22,54,88
22,55,88
22,56,88
22,57,87
22,58,87
22,59,87
22,60,86
22,61,86
22,62,86
22,63,85
22,64,85
22,65,84
22,66,84
22,67,83
22,68,83
22,69,83
22,70,82
22,71,82
22,72,82
22,73,82
22,74,82
22,89,142
22,90,142
22,91,142
22,92,142
22,93,143
22,94,143
22,95,143
22,96,143
22,97,143
22,98,144
22,99,144
22,100,144
23,23,110
23,24,111
23,25,111
23,26,111
23,27,112
23,28,112
23,29,112
23,30,112
23,31,112
23,32,112
23,33,113
23,34,114
23,35,114
23,51,89
23,52,89
23,53,88
23,54,88
23,55,88
23,56,88
23,57,88
23,58,87
23,59,87
23,60,87
23,61,86
23,62,86
23,63,86
23,64,85
23,65,84
23,66,83
23,67,83
23,68,83
23,69,82
23,70,82
23,71,82
23,72,82
23,73,82
23,74,82
23,75,82
23,89,142
23,90,142
23,91,142
23,92,143
23,93,143
23,94,143
23,95,143
23,96,144
23,97,144
23,98,144
23,99,144
23,100,144
23,101,145
24,23,110
24,24,110
24,25,111
24,26,111
24,27,111
24,28,111
24,29,112
24,30,112
24,31,112
24,32,112
24,33,112
24,34,113
24,49,90
24,50,90
24,51,90
24,52,89
24,53,89
24,54,88
24,55,88
24,56,88
24,57,88
24,58,88
24,59,87
24,60,87
24,61,86
24,62,86
24,63,86
24,64,86
24,65,83
24,66,83
24,67,83
24,68,82
24,69,82
24,70,82
24,71,82
24,72,82
24,73,82
24,74,82
24,89,142
24,90,142
24,91,143
24,92,143
24,93,143
24,94,144
24,95,144
24,96,144
24,97,144
24,98,144
24,99,144
24,100,145
24,101,145
25,23,110
25,24,110
25,25,110
25,26,111
25,27,111
25,28,111
25,29,111
25,30,111
25,31,112
25,32,112
25,33,112
25,48,91
25,49,91
25,50,90
25,51,90
25,52,90
25,53,89
25,54,89
25,55,89
25,56,88
25,57,88
25,58,88
25,59,88
25,60,87
25,61,87
25,62,86
25,63,86
25,64,86
25,65,83
25,66,80
25,67,81
25,68,81
25,69,81
25,70,81
25,71,81
25,72,81
25,73,81
25,74,81
25,91,143
25,92,143
25,93,144
25,94,144
25,95,144
25,96,144
25,97,144
25,98,145
25,99,145
25,100,145
25,101,145
26,22,109
26,23,110
26,24,110
26,25,110
26,26,110
26,27,110
26,28,111
26,29,111
26,30,111
26,31,111
26,32,112
26,33,112
26,48,91
26,49,91
26,50,91
26,51,90
26,52,90
26,53,90
26,54,89
26,55,89
26,56,89
26,57,89
26,58,88
26,59,88
26,60,88
26,61,87
26,62,87
26,65,80
26,66,80
26,67,80
26,68,81
26,69,81
26,70,81
26,71,81
26,72,81
26,73,81
26,74,81
26,75,81
26,91,143
26,92,144
26,93,144
26,94,144
26,95,145
26,96,145
26,97,145
26,98,145
26,99,145
26,100,145
26,101,145
27,22,109
27,23,109
27,24,110
27,25,110
27,26,110
27,27,110
27,28,110
27,29,110
27,30,111
27,31,111
27,32,111
27,33,112
27,48,91
27,49,91
27,50,91
27,51,91
27,52,90
27,53,90
27,54,90
27,55,89
27,56,89
27,57,89
27,58,89
27,59,88
27,60,88
27,65,80
27,66,80
27,67,80
27,68,80
27,69,80
27,70,81
27,71,81
27,72,81
27,73,81
27,74,81
27,92,144
27,93,144
27,94,145
27,95,145
27,96,145
27,97,145
27,98,145
27,99,145
27,100,145
27,101,146
28,21,108
28,22,109
28,23,109
28,24,109
28,25,110
28,26,110
28,27,110
28,28,110
28,29,110
28,30,110
28,31,111
28,32,111
28,46,92
28,47,92
28,48,91
28,49,91
28,50,91
28,51,91
28,52,91
28,53,90
28,54,90
28,55,90
28,56,89
28,57,89
28,58,89
28,59,89
28,60,88
28,63,78
28,64,78
28,65,80
28,66,80
28,67,80
28,68,80
28,69,80
28,70,80
28,71,80
28,72,81
28,73,81
28,74,81
28,92,144
28,93,145
28,94,145
28,95,145
28,96,145
28,97,145
28,98,145
28,99,146
28,100,146
28,101,146
29,21,108
29,22,108
29,23,109
29,24,109
29,25,109
29,26,109
29,27,109
29,28,110
29,29,110
29,30,110
29,31,110
29,32,111
29,46,92
29,47,92
29,48,92
29,49,91
29,50,91
29,51,91
29,52,91
29,53,91
29,54,90
29,55,90
29,56,90
29,57,89
29,58,89
29,59,89
29,63,78
29,64,78
29,65,78
29,66,80
29,67,80
29,68,80
29,69,80
29,70,80
29,71,80
29,72,80
29,73,81
29,74,81
29,93,145
29,94,145
29,95,145
29,96,146
29,97,146
29,98,146
29,99,146
29,100,146
29,101,146
30,21,108
30,22,108
30,23,108
30,24,109
30,25,109
30,26,109
30,27,109
30,28,109
30,29,109
30,30,110
30,31,110
30,44,93
30,45,93
30,46,93
30,47,92
30,48,92
30,49,92
30,50,92
30,51,91
30,52,91
30,53,91
30,54,91
30,55,90
30,56,90
30,57,90
30,58,89
30,59,89
30,62,77
30,63,78
30,64,78
30,65,78
30,66,78
30,67,79
30,68,79
30,69,79
30,70,79
30,71,79
30,72,79
30,73,79
30,74,81
30,93,145
30,94,145
30,95,146
30,96,146
30,97,146
30,98,146
30,99,146
30,100,146
30,101,147
31,20,107
31,21,108
31,22,108
31,23,108
31,24,108
31,25,108
31,26,109
31,27,109
31,28,109
31,29,109
31,30,109
31,31,110
31,44,93
31,45,93
31,46,93
31,47,93
31,48,92
31,49,92
31,50,92
31,51,92
31,52,91
31,53,91
31,54,91
31,55,91
31,56,90
31,57,90
31,62,77
31,63,77
31,64,78
31,65,78
31,66,78
31,67,78
31,68,79
31,69,79
31,70,79
31,71,79
31,72,79
31,73,79
31,93,145
31,94,146
31,95,146
31,96,146
31,97,146
31,98,146
31,99,147
31,100,147
31,101,147
32,20,107
32,21,107
32,22,108
32,23,108
32,24,108
32,25,108
32,26,108
32,27,108
32,28,109
32,29,109
32,30,109
32,43,94
32,44,93
32,45,93
32,46,93
32,47,93
32,48,93
32,49,92
32,50,92
32,51,92
32,52,92
32,53,92
32,54,91
32,55,91
32,56,91
32,57,90
32,59,76
32,60,76
32,61,76
32,62,76
32,63,77
32,64,77
32,65,78
32,66,78
32,67,78
32,68,78
32,69,79
32,70,79
32,71,79
32,72,79
32,73,79
32,94,146
32,95,146
32,96,146
32,97,147
32,98,147
32,99,147
32,100,147
32,101,147
33,20,107
33,21,107
33,22,107
33,23,108
33,24,108
33,25,108
33,26,108
33,27,108
33,28,108
33,29,109
33,30,109
33,43,94
33,44,94
33,45,93
33,46,93
33,47,93
33,48,93
33,49,93
33,50,92
33,51,92
33,52,92
33,53,92
33,54,92
33,55,91
33,56,91
33,59,76
33,60,76
33,61,76
33,62,76
33,63,76
33,64,77
33,65,77
33,66,77
33,67,78
33,68,78
33,69,78
33,70,79
33,71,79
33,72,79
33,73,79
33,94,146
33,95,146
33,96,148
33,97,148
33,98,148
33,99,148
33,100,148
33,101,148
34,20,107
34,21,107
34,22,107
34,23,107
34,24,107
34,25,107
34,26,108
34,27,108
34,28,108
34,29,108
34,30,109
34,41,95
34,42,95
34,43,95
34,44,94
34,45,94
34,46,93
34,47,93
34,48,93
34,49,93
34,50,93
34,51,92
34,52,92
34,53,92
34,54,92
34,58,75
34,59,76
34,60,76
34,61,76
34,62,76
34,63,76
34,64,77
34,65,77
34,66,77
34,67,77
34,68,77
34,69,78
34,70,78
34,71,79
34,72,79
34,73,79
34,94,146
34,95,148
34,96,148
34,97,148
34,98,148
34,99,148
34,100,148
34,101,148
35,19,107
35,20,107
35,21,107
35,22,107
35,23,107
35,24,107
35,25,107
35,26,107
35,27,107
35,28,108
35,29,108
35,41,95
35,42,95
35,43,95
35,44,95
35,45,94
35,46,94
35,47,94
35,48,93
35,49,93
35,50,93
35,51,93
35,52,92
35,53,92
35,54,92
35,58,75
35,59,75
35,60,76
35,61,76
35,62,76
35,63,76
35,64,76
35,65,77
35,66,77
35,67,77
35,68,77
35,69,77
35,70,78
35,71,78
35,95,149
35,96,149
35,97,149
35,98,149
35,99,149
35,100,149
35,101,149
36,20,107
36,21,107
36,22,107
36,23,107
36,24,107
36,25,107
36,26,107
36,27,106
36,28,106
36,29,106
36,39,96
36,40,96
36,41,96
36,42,95
36,43,95
36,44,95
36,45,95
36,46,94
36,47,94
36,48,94
36,49,94
36,50,93
36,51,93
36,52,93
36,53,92
36,54,92
36,55,74
36,56,74
36,57,74
36,58,74
36,59,75
36,60,75
36,61,76
36,62,76
36,63,76
36,64,76
36,65,76
36,66,77
36,67,77
36,68,77
36,69,77
36,70,77
36,71,78
36,94,149
36,95,149
36,96,149
36,97,149
36,98,149
36,99,149
36,100,149
36,101,149
37,20,107
37,21,107
37,22,107
37,23,107
37,24,106
37,25,106
37,26,106
37,27,106
37,28,106
37,29,106
37,39,96
37,40,96
37,41,96
37,42,96
37,43,95
37,44,95
37,45,95
37,46,95
37,47,94
37,48,94
37,49,94
37,50,94
37,51,93
37,52,93
37,53,73
37,54,73
37,55,73
37,56,74
37,57,74
37,58,74
37,59,74
37,60,75
37,61,75
37,62,75
37,63,76
37,64,76
37,65,76
37,66,77
37,67,77
37,68,77
37,69,77
37,70,77
37,95,149
37,96,149
37,97,149
37,98,149
37,99,149
37,100,149
37,101,150
38,20,107
38,21,107
38,22,106
38,23,106
38,24,106
38,25,106
38,26,106
38,27,106
38,28,106
38,29,106
38,30,106
38,37,97
38,38,97
38,39,97
38,40,96
38,41,96
38,42,96
38,43,96
38,44,95
38,45,95
38,46,95
38,47,95
38,48,94
38,49,94
38,50,94
38,51,94
38,52,93
38,53,73
38,54,73
38,55,73
38,56,73
38,57,74
38,58,74
38,59,74
38,60,75
38,61,75
38,62,75
38,63,75
38,64,75
38,65,76
38,66,76
38,67,77
38,68,77
38,69,77
38,70,77
38,95,149
38,96,149
38,97,149
38,98,150
38,99,150
38,100,150
38,101,150
39,20,107
39,21,106
39,22,106
39,23,106
39,24,106
39,25,106
39,26,106
39,27,106
39,28,106
39,29,106
39,30,104
39,31,104
39,37,97
39,38,97
39,39,97
39,40,97
39,41,96
39,42,96
39,43,96
39,44,96
39,45,95
39,46,95
39,47,95
39,48,95
39,49,94
39,50,94
39,51,94
39,53,73
39,54,73
39,55,73
39,56,73
39,57,73
39,58,74
39,59,74
39,60,74
39,61,75
39,62,75
39,63,75
39,64,75
39,65,75
39,66,76
39,67,76
39,95,149
39,96,149
39,97,150
39,98,150
39,99,150
39,100,150
39,101,150
40,20,105
40,21,105
40,22,105
40,23,105
40,24,105
40,25,105
40,26,105
40,27,105
40,28,105
40,29,104
40,30,104
40,31,104
40,35,98
40,36,98
40,37,98
40,38,97
40,39,97
40,40,97
40,41,97
40,42,96
40,43,96
40,44,96
40,45,96
40,46,95
40,47,95
40,48,95
40,49,95
40,50,94
40,51,94
40,52,72
40,53,73
40,54,73
40,55,73
40,56,73
40,57,73
40,58,74
40,59,74
40,60,74
40,61,74
40,62,75
40,63,75
40,64,75
40,65,75
40,66,75
40,67,76
40,95,149
40,96,150
40,97,150
40,98,150
40,99,150
40,100,150
40,101,150
41,21,105
41,22,105
41,23,105
41,24,105
41,25,105
41,26,105
41,27,104
41,28,104
41,29,104
41,30,104
41,31,104
41,32,103
41,33,103
41,34,99
41,35,99
41,36,98
41,37,98
41,38,98
41,39,97
41,40,97
41,41,97
41,42,97
41,43,96
41,44,96
41,45,96
41,46,96
41,47,95
41,48,95
41,49,95
41,52,72
41,53,72
41,54,73
41,55,73
41,56,73
41,57,73
41,58,73
41,59,74
41,60,74
41,61,74
41,62,75
41,63,75
41,64,75
41,65,75
41,66,75
41,96,151
41,97,151
41,98,151
41,99,151
41,100,151
41,101,151
42,21,105
42,22,105
42,23,105
42,24,105
42,25,105
42,26,104
42,27,104
42,28,104
42,29,104
42,30,104
42,31,103
42,32,103
42,33,102
42,34,99
42,35,99
42,36,99
42,37,98
42,38,98
42,39,98
42,40,97
42,41,97
42,42,97
42,43,97
42,44,96
42,45,96
42,46,96
42,47,96
42,48,95
42,49,95
42,50,71
42,51,71
42,52,72
42,53,72
42,54,72
42,55,73
42,56,73
42,57,73
42,58,73
42,59,74
42,60,74
42,61,74
42,62,74
42,63,75
42,64,75
42,65,75
42,66,75
42,95,151
42,96,151
42,97,151
42,98,151
42,99,151
42,100,151
42,101,151
43,21,105
43,22,105
43,23,105
43,24,104
43,25,104
43,26,104
43,27,104
43,28,104
43,29,104
43,30,103
43,31,103
43,32,102
43,33,102
43,34,99
43,35,99
43,36,99
43,37,99
43,38,98
43,39,98
43,40,98
43,41,97
43,42,97
43,43,97
43,44,97
43,45,96
43,46,96
43,47,96
43,50,71
43,51,71
43,52,71
43,53,72
43,54,72
43,55,72
43,56,72
43,57,72
43,58,73
43,59,73
43,60,74
43,61,74
43,62,74
43,63,74
43,96,152
43,97,152
43,98,152
43,99,152
43,100,152
43,101,152
44,21,105
44,22,105
44,23,104
44,24,104
44,25,104
44,26,104
44,27,104
44,28,104
44,29,103
44,30,103
44,31,102
44,32,102
44,33,102
44,34,100
44,35,99
44,36,99
44,37,99
44,38,98
44,39,98
44,40,98
44,41,98
44,42,97
44,43,97
44,44,97
44,45,97
44,46,96
44,47,96
44,49,70
44,50,71
44,51,71
44,52,71
44,53,71
44,54,72
44,55,72
44,56,72
44,57,72
44,58,72
44,59,72
44,60,73
44,61,74
44,62,74
44,63,74
44,95,152
44,96,152
44,97,152
44,98,152
44,99,152
44,100,152
44,101,152
45,23,104
45,24,104
45,25,104
45,26,104
45,27,104
45,28,103
45,29,103
45,30,103
45,31,102
45,32,102
45,33,102
45,34,100
45,35,100
45,36,99
45,37,99
45,38,99
45,39,98
45,40,98
45,41,98
45,42,98
45,43,97
45,44,97
45,45,97
45,49,70
45,50,70
45,51,71
45,52,71
45,53,71
45,54,71
45,55,72
45,56,72
45,57,72
45,58,72
45,59,72
45,60,72
45,61,73
45,96,152
45,97,152
45,98,152
45,99,152
45,100,152
45,101,152
46,23,104
46,24,104
46,25,104
46,26,104
46,27,103
46,28,103
46,29,103
46,30,102
46,31,102
46,32,102
46,33,101
46,34,100
46,35,100
46,36,100
46,37,99
46,38,99
46,39,98
46,40,98
46,41,98
46,42,98
46,43,98
46,44,97
46,45,97
46,47,69
46,48,69
46,49,70
46,50,70
46,51,70
46,52,71
46,53,71
46,54,71
46,55,71
46,56,72
46,57,72
46,58,72
46,59,72
46,60,72
46,96,153
46,97,153
46,98,153
46,99,153
46,100,153
46,101,153
47,23,104
47,24,104
47,25,104
47,26,103
47,27,103
47,28,103
47,29,103
47,30,102
47,31,102
47,32,101
47,33,101
47,34,100
47,35,100
47,36,100
47,37,100
47,38,99
47,39,99
47,40,98
47,41,98
47,42,98
47,43,98
47,47,69
47,48,69
47,49,69
47,50,70
47,51,70
47,52,70
47,53,70
47,54,71
47,55,71
47,56,71
47,57,72
47,58,72
47,59,72
47,60,72
47,95,153
47,96,153
47,97,153
47,98,153
47,99,153
47,100,153
47,101,153
48,25,103
48,26,103
48,27,103
48,28,103
48,29,102
48,30,102
48,31,101
48,32,101
48,33,101
48,34,100
48,35,100
48,36,100
48,37,100
48,38,100
48,39,99
48,40,99
48,41,98
48,42,98
48,43,98
48,47,69
48,48,69
48,49,69
48,50,69
48,51,70
48,52,70
48,53,70
48,54,70
48,55,70
48,56,71
48,57,71
48,58,72
48,59,72
48,60,72
48,96,153
48,97,153
48,98,153
48,99,153
48,100,153
48,101,153
49,25,103
49,26,103
49,27,103
49,28,102
49,29,102
49,30,101
49,31,101
49,32,101
49,33,101
49,34,100
49,35,100
49,36,100
49,37,100
49,38,100
49,39,100
49,40,99
49,41,99
49,47,69
49,48,69
49,49,69
49,50,69
49,51,69
49,52,70
49,53,70
49,54,70
49,55,70
49,56,70
49,57,71
49,58,71
49,96,154
49,97,154
49,98,154
49,99,154
49,100,154
49,101,154
50,24,21
50,27,102
50,28,102
50,29,101
50,30,101
50,31,101
50,32,101
50,33,101
50,34,100
50,35,100
50,36,100
50,37,100
50,38,100
50,39,100
50,46,67
50,47,69
50,48,69
50,49,69
50,50,69
50,51,69
50,52,69
50,53,70
50,54,70
50,55,70
50,56,70
50,57,70
50,58,71
50,95,154
50,96,154
50,97,154
50,98,154
50,99,154
50,100,154
50,101,154
51,20,21
51,21,21
51,22,21
51,23,21
51,24,21
51,25,21
51,26,22
51,27,22
51,28,22
51,29,22
51,30,101
51,31,101
51,32,101
51,33,101
51,34,100
51,35,100
51,36,100
51,37,100
51,38,100
51,39,100
51,46,67
51,47,67
51,48,69
51,49,69
51,50,69
51,51,69
51,52,69
51,53,69
51,54,70
51,55,70
51,56,70
51,57,70
51,96,154
51,97,154
51,98,154
51,99,154
51,100,154
51,101,154
52,18,20
52,19,20
52,20,20
52,21,21
52,22,21
52,23,21
52,24,21
52,25,21
52,26,22
52,27,22
52,28,22
52,29,22
52,30,22
52,31,23
52,32,23
52,35,100
52,46,67
52,47,67
52,48,67
52,49,68
52,50,68
52,51,68
52,52,68
52,53,68
52,54,68
52,55,68
52,56,70
52,57,70
52,96,155
52,97,155
52,98,155
52,99,155
52,100,155
52,101,155
53,16,19
53,17,19
53,18,19
53,19,20
53,20,20
53,21,20
53,22,21
53,23,21
53,24,21
53,25,21
53,26,22
53,27,22
53,28,22
53,29,22
53,30,23
53,31,23
53,32,24
53,33,24
53,34,24
53,45,66
53,46,67
53,47,67
53,48,67
53,49,67
53,50,67
53,51,68
53,52,68
53,53,68
53,54,68
53,55,68
53,95,155
53,96,155
53,97,155
53,98,155
53,99,155
53,100,155
53,101,155
54,16,19
54,17,19
54,18,19
54,19,19
54,20,20
54,21,20
54,22,20
54,23,21
54,24,21
54,25,21
54,26,22
54,27,22
54,28,22
54,29,23
54,30,23
54,31,24
54,32,24
54,33,24
54,34,24
54,45,66
54,46,66
54,47,67
54,48,67
54,49,67
54,50,67
54,51,67
54,52,67
54,53,68
54,54,68
54,55,68
54,96,156
54,97,156
54,98,156
54,99,156
54,100,156
54,101,156
55,13,18
55,14,18
55,15,18
55,16,18
55,17,19
55,18,19
55,19,19
55,20,19
55,21,20
55,22,20
55,23,21
55,24,21
55,25,21
55,26,22
55,27,22
55,28,23
55,29,23
55,30,24
55,31,24
55,32,24
55,33,24
55,34,24
55,45,66
55,46,66
55,47,66
55,48,67
55,49,67
55,50,67
55,51,67
55,52,67
55,53,67
55,54,68
55,55,68
55,95,156
55,96,156
55,97,156
55,98,156
55,99,156
55,100,156
55,101,156
56,13,18
56,14,18
56,15,18
56,16,18
56,17,18
56,18,19
56,19,19
56,20,19
56,21,20
56,22,20
56,23,20
56,24,21
56,25,21
56,26,22
56,27,23
56,28,23
56,29,23
56,30,24
56,31,24
56,32,24
56,33,24
56,34,24
56,35,25
56,36,25
56,45,66
56,46,66
56,47,66
56,48,66
56,49,66
56,50,66
56,51,67
56,52,67
56,53,67
56,54,67
56,55,68
56,96,156
56,97,156
56,98,156
56,99,156
56,100,156
56,101,156
57,12,17
57,13,18
57,14,18
57,15,18
57,16,18
57,17,18
57,18,19
57,19,19
57,20,19
57,21,19
57,22,20
57,23,20
57,24,21
57,25,21
57,26,23
57,27,23
57,28,23
57,29,24
57,30,24
57,31,24
57,32,24
57,33,24
57,34,25
57,35,25
57,36,25
57,44,66
57,45,66
57,46,66
57,47,66
57,48,66
57,49,66
57,50,66
57,51,66
57,52,66
57,53,67
57,54,67
57,96,157
57,97,157
57,98,157
57,99,157
57,100,157
57,101,157
58,12,17
58,13,17
58,14,18
58,15,18
58,16,18
58,17,18
58,18,18
58,19,19
58,20,19
58,21,19
58,22,20
58,23,20
58,24,20
58,25,21
58,26,23
58,27,23
58,28,23
58,29,24
58,30,24
58,31,24
58,32,25
58,33,25
58,34,25
58,35,25
58,36,25
58,37,26
58,45,66
58,46,66
58,47,66
58,48,66
58,49,66
58,50,66
58,51,66
58,52,66
58,53,66
58,54,67
58,95,157
58,96,157
58,97,157
58,98,157
58,99,157
58,100,157
58,101,157
59,10,16
59,11,16
59,12,17
59,13,17
59,14,17
59,15,18
59,16,18
59,17,18
59,18,18
59,19,18
59,20,19
59,21,19
59,22,19
59,23,20
59,24,20
59,25,23
59,26,23
59,27,23
59,28,24
59,29,24
59,30,24
59,31,25
59,32,25
59,33,25
59,34,25
59,35,25
59,36,26
59,37,26
59,45,65
59,46,65
59,47,65
59,48,65
59,49,65
59,50,65
59,51,65
59,52,65
59,53,65
59,96,157
59,97,157
59,98,157
59,99,157
59,100,157
59,101,157
60,10,16
60,11,16
60,12,16
60,13,17
60,14,17
60,15,17
60,16,17
60,17,18
60,18,18
60,19,18
60,20,19
60,21,19
60,22,19
60,23,19
60,24,20
60,25,23
60,26,23
60,27,24
60,28,24
60,29,25
60,30,25
60,31,25
60,32,25
60,33,25
60,34,25
60,35,26
60,36,26
60,37,26
60,44,65
60,45,65
60,46,65
60,47,65
60,48,65
60,49,65
60,50,65
60,51,65
60,52,65
60,53,65
60,54,65
60,96,158
60,97,158
60,98,158
60,99,158
60,100,158
60,101,158
61,8,15
61,9,15
61,10,16
61,11,16
61,12,16
61,13,16
61,14,17
61,15,17
61,16,17
61,17,17
61,18,17
61,19,18
61,20,18
61,21,19
61,22,19
61,23,19
61,24,19
61,26,24
61,27,24
61,28,25
61,29,25
61,30,25
61,31,25
61,32,25
61,33,26
61,34,26
61,35,26
61,36,26
61,37,26
61,38,27
61,45,65
61,46,65
61,47,65
61,48,65
61,49,65
61,50,65
61,51,65
61,52,65
61,53,65
61,95,158
61,96,158
61,97,158
61,98,158
61,99,158
61,100,158
61,101,158
62,8,15
62,9,15
62,10,15
62,11,16
62,12,16
62,13,16
62,14,16
62,15,17
62,16,17
62,17,17
62,18,17
62,19,17
62,20,18
62,21,18
62,28,25
62,29,25
62,30,25
62,31,26
62,32,26
62,33,26
62,34,26
62,35,26
62,36,26
62,37,27
62,38,27
62,44,64
62,45,64
62,46,64
62,47,64
62,48,64
62,49,64
62,50,64
62,51,64
62,52,64
62,53,64
62,54,64
62,96,159
62,97,159
62,98,159
62,99,159
62,100,159
62,101,159
63,7,14
63,8,15
63,9,15
63,10,15
63,11,15
63,12,16
63,13,16
63,14,16
63,15,16
63,16,17
63,17,17
63,18,17
63,19,17
63,20,17
63,21,18
63,28,25
63,29,25
63,30,26
63,31,26
63,32,26
63,33,26
63,34,26
63,35,27
63,36,27
63,37,27
63,38,27
63,45,64
63,46,64
63,47,64
63,48,64
63,49,64
63,50,64
63,51,64
63,52,64
63,53,64
63,95,159
63,96,159
63,97,159
63,98,159
63,99,159
63,100,159
63,101,159
64,7,14
64,8,14
64,9,15
64,10,15
64,11,15
64,12,15
64,13,16
64,14,16
64,15,16
64,16,16
64,17,17
64,18,17
64,19,17
64,20,17
64,28,25
64,29,26
64,30,26
64,31,26
64,32,27
64,33,27
64,34,27
64,35,27
64,36,27
64,37,27
64,38,27
64,45,63
64,46,63
64,47,63
64,48,63
64,49,63
64,50,63
64,51,63
64,52,63
64,53,63
64,96,160
64,97,160
64,98,160
64,99,160
64,100,160
64,101,160
65,7,14
65,8,14
65,9,14
65,10,15
65,11,15
65,12,15
65,13,15
65,14,16
65,15,16
65,16,16
65,17,16
65,18,17
65,19,17
65,20,17
65,29,26
65,30,26
65,31,27
65,32,27
65,33,27
65,34,27
65,35,27
65,36,27
65,37,27
65,38,27
65,39,27
65,44,63
65,45,63
65,46,63
65,47,63
65,48,63
65,49,63
65,50,63
65,51,63
65,52,63
65,53,63
65,54,63
65,95,160
65,96,160
65,97,160
65,98,160
65,99,160
65,100,160
65,101,160
66,6,13
66,7,14
66,8,14
66,9,14
66,10,14
66,11,14
66,12,15
66,13,15
66,14,15
66,15,16
66,16,16
66,17,16
66,18,16
66,29,26
66,30,28
66,31,28
66,32,28
66,33,28
66,34,28
66,35,28
66,36,28
66,37,28
66,38,28
66,45,63
66,46,63
66,47,63
66,48,63
66,49,63
66,50,63
66,51,63
66,52,63
66,53,63
66,96,160
66,97,160
66,98,160
66,99,160
66,100,160
66,101,160
67,6,13
67,7,13
67,8,14
67,9,14
67,10,14
67,11,14
67,12,14
67,13,14
67,14,15
67,15,15
67,16,16
67,17,16
67,18,16
67,29,28
67,30,28
67,31,28
67,32,28
67,33,28
67,34,28
67,35,28
67,36,28
67,37,28
67,38,28
67,39,28
67,45,62
67,46,62
67,47,62
67,48,62
67,49,62
67,50,62
67,51,62
67,52,62
67,53,62
67,96,161
67,97,161
67,98,161
67,99,161
67,100,161
67,101,161
68,5,12
68,6,13
68,7,13
68,8,13
68,9,14
68,10,14
68,11,14
68,12,14
68,13,14
68,14,14
68,15,15
68,16,15
68,30,28
68,31,28
68,32,28
68,33,28
68,34,28
68,35,28
68,36,28
68,37,28
68,38,28
68,44,62
68,45,62
68,46,62
68,47,62
68,48,62
68,49,62
68,50,62
68,51,62
68,52,62
68,53,62
68,54,62
68,95,161
68,96,161
68,97,161
68,98,161
68,99,161
68,100,161
68,101,161
69,5,12
69,6,12
69,7,13
69,8,13
69,9,13
69,10,13
69,11,13
69,12,14
69,13,14
69,14,14
69,15,14
69,16,15
69,30,29
69,31,29
69,32,29
69,33,29
69,34,29
69,35,29
69,36,29
69,37,29
69,38,29
69,39,30
69,45,62
69,46,62
69,47,62
69,48,62
69,49,62
69,50,62
69,51,62
69,52,62
69,53,62
69,96,162
69,97,162
69,98,162
69,99,162
69,100,162
69,101,162
70,5,12
70,6,12
70,7,12
70,8,13
70,9,13
70,10,13
70,11,13
70,12,13
70,13,13
70,14,14
70,15,14
70,29,29
70,30,29
70,31,29
70,32,29
70,33,29
70,34,29
70,35,29
70,36,29
70,37,29
70,38,30
70,39,30
70,45,61
70,46,61
70,47,61
70,48,61
70,49,61
70,50,61
70,51,61
70,52,61
70,53,61
70,95,162
70,96,162
70,97,162
70,98,162
70,99,162
70,100,162
70,101,162
71,4,11
71,5,12
71,6,12
71,7,12
71,8,12
71,9,12
71,10,13
71,11,13
71,12,13
71,13,13
71,14,13
71,15,14
71,30,29
71,31,29
71,32,29
71,33,29
71,34,29
71,35,29
71,36,30
71,37,30
71,38,30
71,39,30
71,40,31
71,44,61
71,45,61
71,46,61
71,47,61
71,48,61
71,49,61
71,50,61
71,51,61
71,52,61
71,53,61
71,54,61
71,96,162
71,97,162
71,98,162
71,99,162
71,100,162
71,101,162
72,3,10
72,4,11
72,5,11
72,6,12
72,7,12
72,8,12
72,9,12
72,10,12
72,11,12
72,12,13
72,13,13
72,14,13
72,30,29
72,31,29
72,32,29
72,33,30
72,34,30
72,35,30
72,36,30
72,37,30
72,38,30
72,39,31
72,40,31
72,45,61
72,46,61
72,47,61
72,48,61
72,49,61
72,50,61
72,51,61
72,52,61
72,53,61
72,96,163
72,97,163
72,98,163
72,99,163
72,100,163
72,101,163
73,3,10
73,4,10
73,5,11
73,6,11
73,7,12
73,8,12
73,9,12
73,10,12
73,11,12
73,12,12
73,13,13
73,14,13
73,30,29
73,31,29
73,32,30
73,33,30
73,34,30
73,35,30
73,36,30
73,37,30
73,38,31
73,39,31
73,40,31
73,44,60
73,45,60
73,46,60
73,47,60
73,48,60
73,49,60
73,50,60
73,51,60
73,52,60
73,53,60
73,54,60
73,95,163
73,96,163
73,97,163
73,98,163
73,99,163
73,100,163
73,101,163
74,3,10
74,4,10
74,5,10
74,6,11
74,7,11
74,8,11
74,9,11
74,10,12
74,11,12
74,12,12
74,13,12
74,14,13
74,30,29
74,31,30
74,32,30
74,33,30
74,34,30
74,35,30
74,36,31
74,37,31
74,38,31
74,39,31
74,40,31
74,41,32
74,45,60
74,46,60
74,47,60
74,48,60
74,49,60
74,50,60
74,51,60
74,52,60
74,53,60
74,96,163
74,97,163
74,98,163
74,99,163
74,100,163
74,101,163
75,2,9
75,3,10
75,4,10
75,5,10
75,6,10
75,7,11
75,8,11
75,9,11
75,10,11
75,11,11
75,12,12
75,13,12
75,31,30
75,32,30
75,33,30
75,34,31
75,35,31
75,36,31
75,37,31
75,38,31
75,39,31
75,40,32
75,41,32
75,45,59
75,46,59
75,47,59
75,48,59
75,49,59
75,50,59
75,51,59
75,52,59
75,53,59
75,96,164
75,97,164
75,98,164
75,99,164
75,100,164
75,101,164
76,2,9
76,3,9
76,4,10
76,5,10
76,6,10
76,7,10
76,8,11
76,9,11
76,10,11
76,11,11
76,12,11
76,13,12
76,31,30
76,32,30
76,33,31
76,34,31
76,35,31
76,36,31
76,37,31
76,38,32
76,39,32
76,40,32
76,41,32
76,42,33
76,44,59
76,45,59
76,46,59
76,47,59
76,48,59
76,49,59
76,50,59
76,51,59
76,52,59
76,53,59
76,54,59
76,95,164
76,96,164
76,97,164
76,98,164
76,99,164
76,100,164
76,101,164
77,2,9
77,3,9
77,4,9
77,5,10
77,6,10
77,7,10
77,8,10
77,9,11
77,10,11
77,11,11
77,12,11
77,31,30
77,32,31
77,33,31
77,34,31
77,35,32
77,36,32
77,37,32
77,38,32
77,39,32
77,40,32
77,41,33
77,42,33
77,45,59
77,46,59
77,47,59
77,48,59
77,49,59
77,50,59
77,51,59
77,52,59
77,53,59
77,96,164
77,97,164
77,98,164
77,99,164
77,100,164
77,101,164
78,2,9
78,3,9
78,4,9
78,5,9
78,6,9
78,7,9
78,8,10
78,9,10
78,10,11
78,11,11
78,12,11
78,32,31
78,33,31
78,34,32
78,35,32
78,36,32
78,37,32
78,38,32
78,39,32
78,40,33
78,41,33
78,42,33
78,45,58
78,46,58
78,47,58
78,48,58
78,49,58
78,50,58
78,51,58
78,52,58
78,53,58
78,96,165
78,97,165
78,98,165
78,99,165
78,100,165
78,101,165
79,1,9
79,2,9
79,3,9
79,4,9
79,5,9
79,6,9
79,7,9
79,8,9
79,9,9
79,10,10
79,11,11
79,12,11
79,32,31
79,33,32
79,34,32
79,35,32
79,36,32
79,37,32
79,38,33
79,39,33
79,40,33
79,41,33
79,42,33
79,44,58
79,45,58
79,46,58
79,47,58
79,48,58
79,49,58
79,50,58
79,51,58
79,52,58
79,53,58
79,54,58
79,95,165
79,96,165
79,97,165
79,98,165
79,99,165
79,100,165
79,101,165
80,1,7
80,2,9
80,3,9
80,4,9
80,5,9
80,6,9
80,7,9
80,8,9
80,9,9
80,10,9
80,11,10
80,33,32
80,34,32
80,35,32
80,36,33
80,37,33
80,38,33
80,39,33
80,40,33
80,41,33
80,42,33
80,43,35
80,45,58
80,46,58
80,47,58
80,48,58
80,49,58
80,50,58
80,51,58
80,52,58
80,53,58
80,96,166
80,97,166
80,98,166
80,99,166
80,100,166
80,101,166
81,1,7
81,2,7
81,3,8
81,4,8
81,5,8
81,6,8
81,7,8
81,8,8
81,9,8
81,10,8
81,11,8
81,33,32
81,34,32
81,35,34
81,36,34
81,37,34
81,38,34
81,39,34
81,40,34
81,41,34
81,42,35
81,43,35
81,44,57
81,45,57
81,46,57
81,47,57
81,48,57
81,49,57
81,50,57
81,51,57
81,52,57
81,53,57
81,54,57
81,95,166
81,96,166
81,97,166
81,98,166
81,99,166
81,100,166
81,101,166
82,1,7
82,2,7
82,3,7
82,4,8
82,5,8
82,6,8
82,7,8
82,8,8
82,9,8
82,10,8
82,33,32
82,34,34
82,35,34
82,36,34
82,37,34
82,38,34
82,39,34
82,40,34
82,41,35
82,42,35
82,43,35
82,45,57
82,46,57
82,47,57
82,48,57
82,49,57
82,50,57
82,51,57
82,52,57
82,53,57
82,96,166
82,97,166
82,98,166
82,99,166
82,100,166
82,101,166
83,0,6
83,1,7
83,2,7
83,3,7
83,4,7
83,5,7
83,6,7
83,7,8
83,8,8
83,9,8
83,10,8
83,34,34
83,35,34
83,36,34
83,37,34
83,38,34
83,39,35
83,40,35
83,41,35
83,42,35
83,43,35
83,44,56
83,45,56
83,46,56
83,47,56
83,48,56
83,49,56
83,50,56
83,51,56
83,52,56
83,53,56
83,54,56
83,96,167
83,97,167
83,98,167
83,99,167
83,100,167
83,101,167
84,0,6
84,1,6
84,2,7
84,3,7
84,4,7
84,5,7
84,6,7
84,7,7
84,8,7
84,9,8
84,10,8
84,34,34
84,35,34
84,36,34
84,37,35
84,38,35
84,39,35
84,40,35
84,41,35
84,42,35
84,43,35
84,44,35
84,45,56
84,46,56
84,47,56
84,48,56
84,49,56
84,50,56
84,51,56
84,52,56
84,53,56
84,95,167
84,96,167
84,97,167
84,98,167
84,99,167
84,100,167
84,101,167
85,0,6
85,1,6
85,2,6
85,3,7
85,4,7
85,5,7
85,6,7
85,7,7
85,8,7
85,9,7
85,10,8
85,34,34
85,35,34
85,36,35
85,37,35
85,38,35
85,39,35
85,40,35
85,41,35
85,42,35
85,43,35
85,45,55
85,46,55
85,47,55
85,48,55
85,49,55
85,50,55
85,51,55
85,52,55
85,53,55
85,96,167
85,97,167
85,98,167
85,99,167
85,100,167
85,101,167
86,0,6
86,1,6
86,2,6
86,3,6
86,4,6
86,5,6
86,6,7
86,7,7
86,8,7
86,9,7
86,34,37
86,35,36
86,36,36
86,37,36
86,38,36
86,39,36
86,40,36
86,41,36
86,42,36
86,43,36
86,44,55
86,45,55
86,46,55
86,47,55
86,48,55
86,49,55
86,50,55
86,51,55
86,52,55
86,53,55
86,54,55
86,96,168
86,97,168
86,98,168
86,99,168
86,100,168
86,101,168
87,0,6
87,1,6
87,2,6
87,3,6
87,4,6
87,5,6
87,6,6
87,7,6
87,8,7
87,9,7
87,34,37
87,35,37
87,36,36
87,37,36
87,38,36
87,39,36
87,40,36
87,41,36
87,42,36
87,43,36
87,44,36
87,45,55
87,46,55
87,47,55
87,48,55
87,49,55
87,50,55
87,51,55
87,52,55
87,53,55
87,95,168
87,96,168
87,97,168
87,98,168
87,99,168
87,100,168
87,101,168
88,0,6
88,1,6
88,2,6
88,3,6
88,4,6
88,5,6
88,6,6
88,7,6
88,8,6
88,9,7
88,34,37
88,35,37
88,36,37
88,37,37
88,38,36
88,39,36
88,40,36
88,41,36
88,42,36
88,43,36
88,44,54
88,45,54
88,46,54
88,47,54
88,48,54
88,49,54
88,50,54
88,51,54
88,52,54
88,53,54
88,54,54
88,96,169
88,97,169
88,98,169
88,99,169
88,100,169
88,101,169
89,0,4
89,1,5
89,2,5
89,3,5
89,4,5
89,5,5
89,6,5
89,7,5
89,8,5
89,9,5
89,34,37
89,35,37
89,36,37
89,37,37
89,38,37
89,39,37
89,40,37
89,41,36
89,42,36
89,43,36
89,45,54
89,46,54
89,47,54
89,48,54
89,49,54
89,50,54
89,51,54
89,52,54
89,53,54
89,95,169
89,96,169
89,97,169
89,98,169
89,99,169
89,100,169
89,101,169
90,0,4
90,1,4
90,2,5
90,3,5
90,4,5
90,5,5
90,6,5
90,7,5
90,8,5
90,33,37
90,34,37
90,35,37
90,36,37
90,37,37
90,38,37
90,39,37
90,40,37
90,41,37
90,42,36
90,43,36
90,45,53
90,46,53
90,47,53
90,48,53
90,49,53
90,50,53
90,51,53
90,52,53
90,53,53
90,54,52
90,96,169
90,97,169
90,98,169
90,99,169
90,100,169
90,101,169
91,0,4
91,1,4
91,2,4
91,3,4
91,4,4
91,5,5
91,6,5
91,7,5
91,8,5
91,34,37
91,35,37
91,36,37
91,37,37
91,38,37
91,39,37
91,40,37
91,41,37
91,42,37
91,43,36
91,44,53
91,45,53
91,46,53
91,47,53
91,48,53
91,49,53
91,50,53
91,51,53
91,52,53
91,53,52
91,54,52
91,96,170
91,97,170
91,98,170
91,99,170
91,100,170
91,101,170
92,0,4
92,1,4
92,2,4
92,3,4
92,4,4
92,5,4
92,6,4
92,7,5
92,8,5
92,34,38
92,35,38
92,36,38
92,37,38
92,38,38
92,39,38
92,40,38
92,41,38
92,42,38
92,45,53
92,46,53
92,47,53
92,48,53
92,49,53
92,50,53
92,51,53
92,52,52
92,53,52
92,54,52
92,95,170
92,96,170
92,97,170
92,98,170
92,99,170
92,100,170
92,101,170
93,0,4
93,1,4
93,2,4
93,3,4
93,4,4
93,5,4
93,6,4
93,7,4
93,8,5
93,33,38
93,34,38
93,35,38
93,36,38
93,37,38
93,38,38
93,39,38
93,40,38
93,41,38
93,42,38
93,43,38
93,45,53
93,46,53
93,47,53
93,48,53
93,49,52
93,50,52
93,51,52
93,52,52
93,53,52
93,54,52
93,96,170
93,97,170
93,98,170
93,99,170
93,100,170
93,101,170
94,0,3
94,1,3
94,2,3
94,3,3
94,4,3
94,5,3
94,6,3
94,7,3
94,34,39
94,35,39
94,36,39
94,37,39
94,38,39
94,39,39
94,40,39
94,41,39
94,42,39
94,45,53
94,46,53
94,47,52
94,48,52
94,49,52
94,50,52
94,51,52
94,52,52
94,53,52
94,54,52
94,55,52
94,96,170
94,97,170
94,98,170
94,99,171
94,100,171
94,101,171
95,0,3
95,1,3
95,2,3
95,3,3
95,4,3
95,5,3
95,6,3
95,7,3
95,8,3
95,33,39
95,34,39
95,35,39
95,36,39
95,37,39
95,38,39
95,39,39
95,40,39
95,41,39
95,42,39
95,43,39
95,45,51
95,46,51
95,47,51
95,48,52
95,49,52
95,50,52
95,51,52
95,52,52
95,53,52
95,54,52
95,96,170
95,97,170
95,98,171
95,99,171
95,100,171
95,101,171
96,0,3
96,1,3
96,2,3
96,3,3
96,4,3
96,5,3
96,6,3
96,7,3
96,34,39
96,35,39
96,36,39
96,37,39
96,38,39
96,39,39
96,40,39
96,41,39
96,42,39
96,45,51
96,46,51
96,47,51
96,48,51
96,49,51
96,50,51
96,51,52
96,52,52
96,53,52
96,54,52
96,96,170
96,97,172
96,98,172
96,99,172
96,100,172
96,101,172
97,0,2
97,1,2
97,2,2
97,3,2
97,4,2
97,5,2
97,6,2
97,7,2
97,8,2
97,34,40
97,35,40
97,36,40
97,37,40
97,38,40
97,39,40
97,40,40
97,41,40
97,42,40
97,44,51
97,45,51
97,46,51
97,47,51
97,48,51
97,49,51
97,50,51
97,51,51
97,52,51
97,53,52
97,54,52
97,97,172
97,98,172
97,99,172
97,100,172
97,101,172
98,0,2
98,1,2
98,2,2
98,3,2
98,4,2
98,5,2
98,6,2
98,7,2
98,33,40
98,34,40
98,35,40
98,36,40
98,37,40
98,38,40
98,39,40
98,40,40
98,41,40
98,42,40
98,43,40
98,45,51
98,46,51
98,47,51
98,48,51
98,49,51
98,50,51
98,51,51
98,52,51
98,53,51
98,54,52
98,97,173
98,98,173
98,99,173
98,100,173
98,101,173
99,0,1
99,1,1
99,2,1
99,3,1
99,4,1
99,5,1
99,6,1
99,7,1
99,34,40
99,35,40
99,36,40
99,37,40
99,38,40
99,39,40
99,40,40
99,41,40
99,42,40
99,44,50
99,45,50
99,46,50
99,47,50
99,48,50
99,49,50
99,50,50
99,51,50
99,52,50
99,53,50
99,54,50
99,96,173
99,97,173
99,98,173
99,99,173
99,100,173
99,101,173
100,0,1
100,1,1
100,2,1
100,3,1
100,4,1
100,5,1
100,6,1
100,7,1
100,8,1
100,34,41
100,35,41
100,36,41
100,37,41
100,38,41
100,39,41
100,40,41
100,41,41
100,42,41
100,44,48
100,45,50
100,46,50
100,47,50
100,48,50
100,49,50
100,50,50
100,51,50
100,52,50
100,53,50
100,97,173
100,98,173
100,99,173
100,100,173
100,101,173
101,0,1
101,1,1
101,2,1
101,3,1
101,4,1
101,5,1
101,6,1
101,7,1
101,33,41
101,34,41
101,35,41
101,36,41
101,37,41
101,38,41
101,39,41
101,40,41
101,41,41
101,42,41
101,43,41
101,44,48
101,45,48
101,46,49
101,47,49
101,48,49
101,49,49
101,50,49
101,51,49
101,52,49
101,53,49
101,97,174
101,98,174
101,99,174
101,100,174
101,101,174
102,0,268
102,1,268
102,2,268
102,3,268
102,4,268
102,5,268
102,6,268
102,7,268
102,34,41
102,35,41
102,36,41
102,37,41
102,38,41
102,39,41
102,40,41
102,41,41
102,42,41
102,43,43
102,44,48
102,45,48
102,46,48
102,47,49
102,48,49
102,49,49
102,50,49
102,51,49
102,52,49
102,53,49
102,54,49
102,96,174
102,97,174
102,98,174
102,99,174
102,100,174
102,101,174
103,0,268
103,1,268
103,2,268
103,3,268
103,4,268
103,5,268
103,6,268
103,7,268
103,8,268
103,34,42
103,35,42
103,36,42
103,37,42
103,38,42
103,39,42
103,40,42
103,41,42
103,42,43
103,43,43
103,44,48
103,45,48
103,46,48
103,47,48
103,48,48
103,49,49
103,50,49
103,51,49
103,52,49
103,53,49
103,97,175
103,98,175
103,99,175
103,100,175
103,101,175
104,0,267
104,1,268
104,2,268
104,3,268
104,4,268
104,5,268
104,6,268
104,7,268
104,33,42
104,34,42
104,35,42
104,36,42
104,37,42
104,38,42
104,39,42
104,40,42
104,41,43
104,42,43
104,43,44
104,44,47
104,45,48
104,46,48
104,47,48
104,48,48
104,49,48
104,50,48
104,51,49
104,52,49
104,53,49
104,96,175
104,97,175
104,98,175
104,99,175
104,100,175
104,101,175
105,0,267
105,1,267
105,2,267
105,3,267
105,4,268
105,5,268
105,6,268
105,7,268
105,34,42
105,35,42
105,36,42
105,37,42
105,38,42
105,39,43
105,40,43
105,41,43
105,42,44
105,43,44
105,44,47
105,45,47
105,46,48
105,47,48
105,48,48
105,49,48
105,50,48
105,51,48
105,52,49
105,53,49
105,97,175
105,98,175
105,99,175
105,100,175
105,101,175
106,0,267
106,1,267
106,2,267
106,3,267
106,4,267
106,5,266
106,6,266
106,7,266
106,34,42
106,35,42
106,36,42
106,37,43
106,38,43
106,39,43
106,40,43
106,41,44
106,42,44
106,43,44
106,44,46
106,45,47
106,46,47
106,47,47
106,48,47
106,49,48
106,50,48
106,51,48
106,52,48
106,53,49
106,97,176
106,98,176
106,99,176
106,100,176
106,101,176
107,0,267
107,1,267
107,2,267
107,3,266
107,4,266
107,5,266
107,6,266
107,7,266
107,34,42
107,35,42
107,36,43
107,37,43
107,38,43
107,39,43
107,40,44
107,41,44
107,42,44
107,43,45
107,44,46
107,45,47
107,46,47
107,47,47
107,48,47
107,49,47
107,50,47
107,51,48
107,52,48
107,96,176
107,97,176
107,98,176
107,99,176
107,100,176
107,101,176
108,0,267
108,1,266
108,2,266
108,3,266
108,4,266
108,5,266
108,6,266
108,7,266
108,8,266
108,34,42
108,35,43
108,36,43
108,37,43
108,38,43
108,39,44
108,40,44
108,41,44
108,42,44
108,43,45
108,44,46
108,45,46
108,46,47
108,47,47
108,48,47
108,49,47
108,50,47
108,51,47
108,52,48
108,97,176
108,98,176
108,99,176
108,100,176
108,101,176
109,0,266
109,1,266
109,2,266
109,3,266
109,4,266
109,5,266
109,6,266
109,7,266
109,35,43
109,36,43
109,37,43
109,38,44
109,39,44
109,40,44
109,41,44
109,42,45
109,43,45
109,44,46
109,45,46
109,46,46
109,47,47
109,48,47
109,49,47
109,50,47
109,51,47
109,97,177
109,98,177
109,99,177
109,100,177
109,101,177
110,0,265
110,1,265
110,2,265
110,3,265
110,4,265
110,5,265
110,6,265
110,7,265
110,8,264
110,35,43
110,36,43
110,37,44
110,38,44
110,39,44
110,40,44
110,41,44
110,42,45
110,43,45
110,44,46
110,45,46
110,46,46
110,47,47
110,48,47
110,49,47
110,50,47
110,51,47
110,96,177
110,97,177
110,98,177
110,99,177
110,100,177
110,101,177
111,0,265
111,1,265
111,2,265
111,3,265
111,4,265
111,5,265
111,6,265
111,7,264
111,8,264
111,37,44
111,38,44
111,39,44
111,40,44
111,41,45
111,42,45
111,43,45
111,44,46
111,45,46
111,46,46
111,47,46
111,48,47
111,49,47
111,50,47
111,51,47
111,96,179
111,97,178
111,98,178
111,99,178
111,100,178
111,101,178
112,0,265
112,1,265
112,2,265
112,3,265
112,4,265
112,5,265
112,6,264
112,7,264
112,8,264
112,37,44
112,38,44
112,39,44
112,40,45
112,41,45
112,42,45
112,43,45
112,44,46
112,45,46
112,46,46
112,47,46
112,48,46
112,96,179
112,97,179
112,98,178
112,99,178
112,100,178
112,101,178
113,0,265
113,1,265
113,2,265
113,3,264
113,4,264
113,5,264
113,6,264
113,7,264
113,8,264
113,39,45
113,40,45
113,41,45
113,42,45
113,43,45
113,44,46
113,45,46
113,46,46
113,47,46
113,48,46
113,96,179
113,97,179
113,98,179
113,99,179
113,100,178
113,101,178
114,0,265
114,1,264
114,2,264
114,3,264
114,4,264
114,5,264
114,6,264
114,7,264
114,8,264
114,9,264
114,43,45
114,44,46
114,95,180
114,96,179
114,97,179
114,98,179
114,99,179
114,100,179
114,101,179
115,0,264
115,1,264
115,2,264
115,3,264
115,4,264
115,5,264
115,6,264
115,7,264
115,8,264
115,9,262
115,95,180
115,96,180
115,97,179
115,98,179
115,99,179
115,100,179
115,101,179
116,0,263
116,1,263
116,2,263
116,3,263
116,4,263
116,5,263
116,6,263
116,7,263
116,8,262
116,9,262
116,93,181
116,94,181
116,95,181
116,96,180
116,97,180
116,98,180
116,99,179
116,100,179
116,101,179
117,0,263
117,1,263
117,2,263
117,3,263
117,4,263
117,5,263
117,6,263
117,7,262
117,8,262
117,9,262
117,93,181
117,94,181
117,95,181
117,96,181
117,97,180
117,98,180
117,99,180
117,100,180
117,101,180
118,0,263
118,1,263
118,2,263
118,3,263
118,4,262
118,5,262
118,6,262
118,7,262
118,8,262
118,9,262
118,92,182
118,93,181
118,94,181
118,95,181
118,96,181
118,97,181
118,98,180
118,99,180
118,100,180
118,101,180
119,0,263
119,1,263
119,2,262
119,3,262
119,4,262
119,5,262
119,6,262
119,7,262
119,8,262
119,9,262
119,10,262
119,92,182
119,93,182
119,94,181
119,95,181
119,96,181
119,97,181
119,98,181
119,99,180
119,100,180
119,101,180
120,0,263
120,1,262
120,2,262
120,3,262
120,4,262
120,5,262
120,6,262
120,7,262
120,8,262
120,9,262
120,10,260
120,91,183
120,92,182
120,93,182
120,94,182
120,95,181
120,96,181
120,97,181
120,98,181
120,99,181
120,100,180
120,101,180
121,1,261
121,2,261
121,3,261
121,4,261
121,5,261
121,6,261
121,7,261
121,8,261
121,9,260
121,10,260
121,91,183
121,92,183
121,93,182
121,94,182
121,95,182
121,96,182
121,97,181
121,98,181
121,99,181
121,100,181
121,101,180
122,0,261
122,1,261
122,2,261
122,3,261
122,4,261
122,5,261
122,6,261
122,7,261
122,8,260
122,9,260
122,10,260
122,90,184
122,91,183
122,92,183
122,93,183
122,94,182
122,95,182
122,96,182
122,97,182
122,98,182
122,99,181
122,100,181
122,101,181
123,1,261
123,2,261
123,3,261
123,4,261
123,5,261
123,6,260
123,7,260
123,8,260
123,9,260
123,10,260
123,11,259
123,90,184
123,91,184
123,92,183
123,93,183
123,94,183
123,95,183
123,96,182
123,97,182
123,98,182
123,99,182
123,100,181
123,101,181
124,1,261
124,2,261
124,3,261
124,4,260
124,5,260
124,6,260
124,7,260
124,8,260
124,9,260
124,10,259
124,11,259
124,90,184
124,91,184
124,92,184
124,93,183
124,94,183
124,95,183
124,96,183
124,97,183
124,98,182
124,99,182
124,100,182
124,101,181
125,1,261
125,2,261
125,3,260
125,4,260
125,5,260
125,6,260
125,7,260
125,8,260
125,9,259
125,10,259
125,11,259
125,12,258
125,90,184
125,91,184
125,92,184
125,93,184
125,94,184
125,95,183
125,96,183
125,97,183
125,98,183
125,99,182
125,100,182
126,1,261
126,2,260
126,3,260
126,4,260
126,5,260
126,6,259
126,7,259
126,8,259
126,9,259
126,10,259
126,11,258
126,12,258
126,89,184
126,90,184
126,91,184
126,92,184
126,93,184
126,94,184
126,95,184
126,96,184
126,97,183
126,98,183
126,99,183
126,100,182
127,2,260
127,3,260
127,4,259
127,5,259
127,6,259
127,7,259
127,8,259
127,9,259
127,10,258
127,11,258
127,12,258
127,90,184
127,91,184
127,92,184
127,93,184
127,94,184
127,95,184
127,96,184
127,97,184
127,98,183
127,99,183
128,2,260
128,3,259
128,4,259
128,5,259
128,6,259
128,7,259
128,8,258
128,9,258
128,10,258
128,11,258
128,12,258
128,13,257
128,90,185
128,91,185
128,92,185
128,93,185
128,94,185
128,95,185
128,96,185
128,97,186
128,98,186
128,99,186
129,3,259
129,4,259
129,5,259
129,6,258
129,7,258
129,8,258
129,9,258
129,10,258
129,11,258
129,12,257
129,13,257
129,90,185
129,91,185
129,92,185
129,93,185
129,94,185
129,95,185
129,96,186
129,97,186
129,98,186
129,99,186
130,3,259
130,4,259
130,5,258
130,6,258
130,7,258
130,8,258
130,9,258
130,10,258
130,11,257
130,12,257
130,13,257
130,14,256
130,89,185
130,90,185
130,91,185
130,92,185
130,93,185
130,94,185
130,95,186
130,96,186
130,97,186
130,98,186
130,99,186
130,100,187
131,3,259
131,4,258
131,5,258
131,6,258
131,7,258
131,8,257
131,9,257
131,10,257
131,11,257
131,12,257
131,13,256
131,14,256
131,90,185
131,91,185
131,92,185
131,93,185
131,94,186
131,95,186
131,96,186
131,97,186
131,98,186
131,99,187
131,100,187
132,4,258
132,5,258
132,6,257
132,7,257
132,8,257
132,9,257
132,10,257
132,11,257
132,12,256
132,13,256
132,14,256
132,90,185
132,91,185
132,92,185
132,93,186
132,94,186
132,95,186
132,96,186
132,97,187
132,98,187
132,99,187
132,100,187
132,101,188
133,4,258
133,5,257
133,6,257
133,7,257
133,8,257
133,9,257
133,10,256
133,11,256
133,12,256
133,13,256
133,14,256
133,15,255
133,90,185
133,91,185
133,92,186
133,93,186
133,94,187
133,95,187
133,96,187
133,97,187
133,98,187
133,99,187
133,100,188
133,101,188
134,5,257
134,6,257
134,7,257
134,8,256
134,9,256
134,10,256
134,11,256
134,12,256
134,13,256
134,14,255
134,15,255
134,90,185
134,91,186
134,92,186
134,93,187
134,94,187
134,95,187
134,96,187
134,97,187
134,98,187
134,99,188
134,100,188
134,101,188
135,5,257
135,6,257
135,7,256
135,8,256
135,9,256
135,10,256
135,11,256
135,12,256
135,13,255
135,14,255
135,15,255
135,16,254
135,91,186
135,92,187
135,93,187
135,94,187
135,95,187
135,96,187
135,97,188
135,98,188
135,99,188
135,100,188
135,101,188
136,5,257
136,6,256
136,7,256
136,8,256
136,9,256
136,10,255
136,11,255
136,12,255
136,13,255
136,14,255
136,15,254
136,16,254
136,92,187
136,93,187
136,94,187
136,95,188
136,96,188
136,97,188
136,98,188
136,99,188
136,100,188
136,101,189
137,6,256
137,7,256
137,8,255
137,9,255
137,10,255
137,11,255
137,12,255
137,13,255
137,14,254
137,15,254
137,16,254
137,17,253
137,92,187
137,93,187
137,94,188
137,95,188
137,96,188
137,97,188
137,98,188
137,99,189
137,100,189
137,101,189
138,6,256
138,7,255
138,8,255
138,9,255
138,10,255
138,11,255
138,12,254
138,13,254
138,14,254
138,15,254
138,16,253
138,17,253
138,92,187
138,93,188
138,94,188
138,95,188
138,96,189
138,97,189
138,98,189
138,99,189
138,100,189
138,101,189
139,7,255
139,8,255
139,9,255
139,10,254
139,11,254
139,12,254
139,13,254
139,14,254
139,15,253
139,16,253
139,17,253
139,18,252
139,93,188
139,94,188
139,95,189
139,96,189
139,97,189
139,98,189
139,99,189
139,100,189
139,101,189
140,7,255
140,8,255
140,9,254
140,10,254
140,11,254
140,12,254
140,13,253
140,14,253
140,15,253
140,16,253
140,17,252
140,18,252
140,93,188
140,94,190
140,95,190
140,96,190
140,97,190
140,98,190
140,99,190
140,100,190
140,101,190
141,7,255
141,8,254
141,9,254
141,10,254
141,11,253
141,12,253
141,13,253
141,14,253
141,15,253
141,16,252
141,17,252
141,18,252
141,93,190
141,94,190
141,95,190
141,96,190
141,97,190
141,98,190
141,99,190
141,100,190
141,101,190
142,8,254
142,9,254
142,10,253
142,11,253
142,12,253
142,13,253
142,14,252
142,15,252
142,16,252
142,17,252
142,18,252
142,19,251
142,94,190
142,95,190
142,96,190
142,97,190
142,98,190
142,99,190
142,100,191
142,101,191
143,8,254
143,9,253
143,10,253
143,11,253
143,12,252
143,13,252
143,14,252
143,15,252
143,16,252
143,17,252
143,18,251
143,19,251
143,94,190
143,95,190
143,96,190
143,97,191
143,98,191
143,99,191
143,100,191
143,101,191
144,9,253
144,10,253
144,11,252
144,12,252
144,13,252
144,14,252
144,15,252
144,16,252
144,17,251
144,18,251
144,19,251
144,20,250
144,94,190
144,95,190
144,96,191
144,97,191
144,98,191
144,99,191
144,100,191
144,101,191
145,9,253
145,10,252
145,11,252
145,12,252
145,13,252
145,14,251
145,15,251
145,16,251
145,17,251
145,18,251
145,19,250
145,20,250
145,94,190
145,95,191
145,96,191
145,97,191
145,98,191
145,99,191
145,100,191
145,101,192
146,10,252
146,11,252
146,12,251
146,13,251
146,14,251
146,15,251
146,16,251
146,17,251
146,18,250
146,19,250
146,20,250
146,95,191
146,96,191
146,97,191
146,98,192
146,99,192
146,100,192
146,101,192
147,10,252
147,11,251
147,12,251
147,13,251
147,14,251
147,15,251
147,16,250
147,17,250
147,18,250
147,19,250
147,20,250
147,21,249
147,95,191
147,96,191
147,97,192
147,98,192
147,99,192
147,100,192
147,101,192
148,11,251
148,12,251
148,13,251
148,14,250
148,15,250
148,16,250
148,17,250
148,18,250
148,19,250
148,20,249
148,21,249
148,95,191
148,96,193
148,97,193
148,98,193
148,99,193
148,100,193
148,101,193
149,11,251
149,12,251
149,13,250
149,14,250
149,15,250
149,16,250
149,17,250
149,18,250
149,19,249
149,20,249
149,21,249
149,22,248
149,95,193
149,96,193
149,97,193
149,98,193
149,99,193
149,100,193
149,101,193
150,11,251
150,12,250
150,13,250
150,14,250
150,15,250
150,16,249
150,17,249
150,18,249
150,19,249
150,20,249
150,21,248
150,22,248
150,96,193
150,97,193
150,98,193
150,99,193
150,100,193
150,101,193
151,12,250
151,13,250
151,14,249
151,15,249
151,16,249
151,17,249
151,18,249
151,19,249
151,20,248
151,21,248
151,22,248
151,96,194
151,97,194
151,98,194
151,99,194
151,100,194
151,101,194
152,12,250
152,13,249
152,14,249
152,15,249
152,16,249
152,17,249
152,18,248
152,19,248
152,20,248
152,21,248
152,22,248
152,23,247
152,95,194
152,96,194
152,97,194
152,98,194
152,99,194
152,100,194
152,101,194
153,13,249
153,14,249
153,15,249
153,16,248
153,17,248
153,18,248
153,19,248
153,20,248
153,21,248
153,22,247
153,23,247
153,96,194
153,97,194
153,98,194
153,99,194
153,100,194
153,101,194
154,13,249
154,14,249
154,15,248
154,16,248
154,17,248
154,18,248
154,19,248
154,20,248
154,21,247
154,22,247
154,23,247
154,24,246
154,96,195
154,97,195
154,98,195
154,99,195
154,100,195
154,101,195
155,13,249
155,14,248
155,15,248
155,16,248
155,17,248
155,18,247
155,19,247
155,20,247
155,21,247
155,22,247
155,23,246
155,24,246
155,95,195
155,96,195
155,97,195
155,98,195
155,99,195
155,100,195
155,101,195
156,14,248
156,15,248
156,16,247
156,17,247
156,18,247
156,19,247
156,20,247
156,21,247
156,22,246
156,23,246
156,24,246
156,96,195
156,97,195
156,98,195
156,99,195
156,100,195
156,101,195
157,14,248
157,15,247
157,16,247
157,17,247
157,18,247
157,19,247
157,20,246
157,21,246
157,22,246
157,23,246
157,24,246
157,25,245
157,96,196
157,97,196
157,98,196
157,99,196
157,100,196
157,101,196
158,15,247
158,16,247
158,17,247
158,18,246
158,19,246
158,20,246
158,21,246
158,22,246
158,23,246
158,24,245
158,25,245
158,95,196
158,96,196
158,97,196
158,98,196
158,99,196
158,100,196
158,101,196
159,15,247
159,16,247
159,17,246
159,18,246
159,19,246
159,20,246
159,21,246
159,22,246
159,23,245
159,24,245
159,25,245
159,95,197
159,96,197
159,97,197
159,98,197
159,99,197
159,100,197
159,101,197
160,15,247
160,16,246
160,17,246
160,18,246
160,19,246
160,20,245
160,21,245
160,22,245
160,23,245
160,24,245
160,25,245
160,26,244
160,96,197
160,97,197
160,98,197
160,99,197
160,100,197
160,101,197
161,16,246
161,17,246
161,18,245
161,19,245
161,20,245
161,21,245
161,22,245
161,23,245
161,24,245
161,25,244
161,26,244
161,96,198
161,97,198
161,98,198
161,99,198
161,100,198
161,101,198
162,16,246
162,17,245
162,18,245
162,19,245
162,20,245
162,21,245
162,22,245
162,23,245
162,24,244
162,25,244
162,26,244
162,27,243
162,95,198
162,96,198
162,97,198
162,98,198
162,99,198
162,100,198
162,101,198
163,17,245
163,18,245
163,19,245
163,20,245
163,21,244
163,22,244
163,23,244
163,24,244
163,25,244
163,26,243
163,27,243
163,96,199
163,97,199
163,98,199
163,99,199
163,100,199
163,101,199
164,17,245
164,18,245
164,19,244
164,20,244
164,21,244
164,22,244
164,23,244
164,24,244
164,25,243
164,26,243
164,27,243
164,95,199
164,96,199
164,97,199
164,98,199
164,99,199
164,100,199
164,101,199
165,17,245
165,18,244
165,19,244
165,20,244
165,21,244
165,22,244
165,23,243
165,24,243
165,25,243
165,26,243
165,27,243
165,96,199
165,97,199
165,98,199
165,99,199
165,100,199
165,101,199
166,18,244
166,19,244
166,20,244
166,21,243
166,22,243
166,23,243
166,24,243
166,25,243
166,26,243
166,27,243
166,28,241
166,95,201
166,96,200
166,97,200
166,98,200
166,99,200
166,100,200
166,101,200
167,18,244
167,19,244
167,20,243
167,21,243
167,22,243
167,23,243
167,24,243
167,25,243
167,26,243
167,27,241
167,28,241
167,95,201
167,96,201
167,97,200
167,98,200
167,99,200
167,100,200
167,101,200
168,18,244
168,19,242
168,20,242
168,21,242
168,22,242
168,23,242
168,24,242
168,25,242
168,26,241
168,27,241
168,28,241
168,29,240
168,95,201
168,96,201
168,97,201
168,98,201
168,99,200
168,100,200
168,101,200
169,19,242
169,20,242
169,21,242
169,22,242
169,23,242
169,24,241
169,25,241
169,26,241
169,27,241
169,28,240
169,29,240
169,95,201
169,96,201
169,97,201
169,98,201
169,99,201
169,100,201
169,101,201
170,19,242
170,20,242
170,21,242
170,22,241
170,23,241
170,24,241
170,25,241
170,26,241
170,27,240
170,28,240
170,29,240
170,94,201
170,95,201
170,96,201
170,97,201
170,98,201
170,99,201
170,100,201
170,101,201
171,19,242
171,20,242
171,21,241
171,22,241
171,23,241
171,24,241
171,25,240
171,26,240
171,27,240
171,28,240
171,29,240
171,30,239
171,94,203
171,95,201
171,96,201
171,97,201
171,98,201
171,99,201
171,100,201
171,101,201
172,19,242
172,20,241
172,21,241
172,22,241
172,23,240
172,24,240
172,25,240
172,26,240
172,27,240
172,28,240
172,29,239
172,30,239
172,94,203
172,95,203
172,96,202
172,97,202
172,98,202
172,99,202
172,100,202
172,101,202
173,20,241
173,21,241
173,22,240
173,23,240
173,24,240
173,25,240
173,26,240
173,27,240
173,28,239
173,29,239
173,30,239
173,31,238
173,32,238
173,94,203
173,95,203
173,96,203
173,97,202
173,98,202
173,99,202
173,100,202
173,101,202
174,20,241
174,21,240
174,22,240
174,23,240
174,24,240
174,25,239
174,26,239
174,27,239
174,28,239
174,29,239
174,30,238
174,31,238
174,32,238
174,93,204
174,94,203
174,95,203
174,96,203
174,97,203
174,98,203
174,99,202
174,100,202
174,101,202
175,21,240
175,22,240
175,23,239
175,24,239
175,25,239
175,26,239
175,27,239
175,28,239
175,29,238
175,30,238
175,31,238
175,32,238
175,93,204
175,94,204
175,95,203
175,96,203
175,97,203
175,98,203
175,99,203
175,100,203
175,101,202
176,21,240
176,22,239
176,23,239
176,24,239
176,25,239
176,26,239
176,27,239
176,28,238
176,29,238
176,30,238
176,31,238
176,32,238
176,33,237
176,92,205
176,93,204
176,94,204
176,95,204
176,96,204
176,97,203
176,98,203
176,99,203
176,100,203
176,101,203
177,22,239
177,23,239
177,24,239
177,25,239
177,26,239
177,27,238
177,28,238
177,29,238
177,30,238
177,31,238
177,32,237
177,33,237
177,92,205
177,93,205
177,94,204
177,95,204
177,96,204
177,97,204
177,98,204
177,99,204
177,100,203
177,101,203
178,22,239
178,23,239
178,24,239
178,25,239
178,26,238
178,27,238
178,28,238
178,29,238
178,30,238
178,31,237
178,32,237
178,33,237
178,34,236
178,92,205
178,93,205
178,94,205
178,95,204
178,96,204
178,97,204
178,98,204
178,99,204
178,100,204
178,101,203
179,22,239
179,23,239
179,24,239
179,25,238
179,26,238
179,27,238
179,28,237
179,29,237
179,30,237
179,31,237
179,32,237
179,33,236
179,34,236
179,91,206
179,92,205
179,93,205
179,94,205
179,95,205
179,96,205
179,97,204
179,98,204
179,99,204
179,100,204
179,101,204
180,24,238
180,25,238
180,26,237
180,27,237
180,28,237
180,29,237
180,30,237
180,31,237
180,32,236
180,33,236
180,34,236
180,35,235
180,36,235
180,91,206
180,92,206
180,93,205
180,94,205
180,95,205
180,96,205
180,97,205
180,98,205
180,99,204
180,100,204
180,101,204
181,24,238
181,25,237
181,26,237
181,27,237
181,28,237
181,29,237
181,30,236
181,31,236
181,32,236
181,33,236
181,34,235
181,35,235
181,36,235
181,89,207
181,90,207
181,91,207
181,92,206
181,93,206
181,94,206
181,95,205
181,96,205
181,97,205
181,98,205
181,99,205
181,100,204
181,101,204
182,25,237
182,26,237
182,27,237
182,28,236
182,29,236
182,30,236
182,31,236
182,32,236
182,33,235
182,34,235
182,35,235
182,36,235
182,89,207
182,90,207
182,91,207
182,92,207
182,93,206
182,94,206
182,95,206
182,96,206
182,97,206
182,98,205
182,99,205
182,100,205
182,101,204
183,25,237
183,26,237
183,27,236
183,28,236
183,29,236
183,30,236
183,31,236
183,32,235
183,33,235
183,34,235
183,35,235
183,36,235
183,37,234
183,88,208
183,89,207
183,90,207
183,91,207
183,92,207
183,93,207
183,94,206
183,95,206
183,96,206
183,97,206
183,98,206
183,99,205
183,100,205
184,25,237
184,26,236
184,27,236
184,28,236
184,29,236
184,30,236
184,31,235
184,32,235
184,33,235
184,34,235
184,35,235
184,36,234
184,37,234
184,87,209
184,88,209
184,89,208
184,90,207
184,91,207
184,92,207
184,93,207
184,94,207
184,95,206
184,96,206
184,97,206
184,98,206
184,99,206
184,100,205
185,26,236
185,27,236
185,28,236
185,29,236
185,30,235
185,31,235
185,32,235
185,33,235
185,34,235
185,35,234
185,36,234
185,37,234
185,38,233
185,39,233
185,87,209
185,88,209
185,89,209
185,90,208
185,91,207
185,92,207
185,93,207
185,94,207
185,95,207
185,96,206
185,97,206
185,98,206
185,99,206
186,26,236
186,27,236
186,28,236
186,29,235
186,30,235
186,31,235
186,32,234
186,33,234
186,34,234
186,35,234
186,36,234
186,37,233
186,38,233
186,39,233
186,85,210
186,86,210
186,87,210
186,88,209
186,89,209
186,90,209
186,91,208
186,92,208
186,93,207
186,94,207
186,95,207
186,96,207
186,97,206
186,98,206
186,99,206
187,28,235
187,29,235
187,30,234
187,31,234
187,32,234
187,33,234
187,34,234
187,35,234
187,36,233
187,37,233
187,38,233
187,39,233
187,40,232
187,41,232
187,85,210
187,86,210
187,87,210
187,88,210
187,89,209
187,90,209
187,91,209
187,92,208
187,93,208
187,94,208
187,95,207
187,96,207
187,97,207
187,98,206
187,99,206
188,28,235
188,29,234
188,30,234
188,31,234
188,32,234
188,33,234
188,34,234
188,35,233
188,36,233
188,37,233
188,38,233
188,39,232
188,40,232
188,41,232
188,83,211
188,84,211
188,85,211
188,86,210
188,87,210
188,88,210
188,89,210
188,90,209
188,91,209
188,92,209
188,93,208
188,94,208
188,95,208
188,96,207
188,97,207
189,29,234
189,30,234
189,31,234
189,32,234
189,33,234
189,34,233
189,35,233
189,36,233
189,37,233
189,38,232
189,39,232
189,40,232
189,41,230
189,42,230
189,43,230
189,44,230
189,83,211
189,84,211
189,85,211
189,86,211
189,87,210
189,88,210
189,89,210
189,90,210
189,91,209
189,92,209
189,93,209
189,94,208
189,95,208
189,96,208
189,97,207
190,29,234
190,30,234
190,31,234
190,32,234
190,33,233
190,34,233
190,35,233
190,36,233
190,37,232
190,38,232
190,39,232
190,40,230
190,41,230
190,42,230
190,43,230
190,44,230
190,81,212
190,82,212
190,83,212
190,84,211
190,85,211
190,86,211
190,87,211
190,88,210
190,89,210
190,90,210
190,91,210
190,92,209
190,93,209
190,94,209
190,95,208
190,96,208
191,29,234
191,30,234
191,31,234
191,32,233
191,33,233
191,34,233
191,35,233
191,36,232
191,37,232
191,38,232
191,39,232
191,40,230
191,41,230
191,42,230
191,43,230
191,44,229
191,45,229
191,46,229
191,47,229
191,78,213
191,79,213
191,80,213
191,81,213
191,82,212
191,83,212
191,84,212
191,85,211
191,86,211
191,87,211
191,88,211
191,89,210
191,90,210
191,91,210
191,92,210
191,93,209
191,94,209
191,95,209
191,96,208
192,31,233
192,32,233
192,33,233
192,34,233
192,35,232
192,36,232
192,37,232
192,38,232
192,39,231
192,40,230
192,41,230
192,42,230
192,43,229
192,44,229
192,45,229
192,46,229
192,47,228
192,48,228
192,49,228
192,76,214
192,77,214
192,78,214
192,79,213
192,80,213
192,81,213
192,82,213
192,83,212
192,84,212
192,85,212
192,86,211
192,87,211
192,88,211
192,89,211
192,90,210
192,91,210
192,92,210
192,93,210
192,94,209
192,95,209
193,31,233
193,32,233
193,33,233
193,34,232
193,35,232
193,36,232
193,37,232
193,38,231
193,39,231
193,40,230
193,41,230
193,42,230
193,43,229
193,44,229
193,45,229
193,46,228
193,47,228
193,48,228
193,49,227
193,50,227
193,51,227
193,76,214
193,77,214
193,78,214
193,79,214
193,80,213
193,81,213
193,82,213
193,83,213
193,84,212
193,85,212
193,86,212
193,87,211
193,88,211
193,89,211
193,90,211
193,91,210
193,92,210
193,93,210
194,33,232
194,34,232
194,35,232
194,36,232
194,37,231
194,38,231
194,39,231
194,40,230
194,41,230
194,42,229
194,43,229
194,44,229
194,45,228
194,46,228
194,47,228
194,48,227
194,49,227
194,50,227
194,51,227
194,52,225
194,74,215
194,75,215
194,76,215
194,77,214
194,78,214
194,79,214
194,80,214
194,81,213
194,82,213
194,83,213
194,84,212
194,85,212
194,86,212
194,87,212
194,88,211
194,89,211
194,90,211
194,91,211
194,92,210
194,93,210
195,33,232
195,34,232
195,35,232
195,36,231
195,37,231
195,38,231
195,39,231
195,40,230
195,41,229
195,42,229
195,43,229
195,44,229
195,45,228
195,46,228
195,47,227
195,48,227
195,49,227
195,50,227
195,51,226
195,52,225
195,53,225
195,54,225
195,55,225
195,56,225
195,70,218
195,71,216
195,72,216
195,73,216
195,74,216
195,75,215
195,76,215
195,77,215
195,78,214
195,79,214
195,80,214
195,81,213
195,82,213
195,83,213
195,84,212
195,85,212
195,86,212
195,87,212
195,88,212
195,89,211
195,90,211
195,91,211
196,35,231
196,36,231
196,37,231
196,38,231
196,39,231
196,40,230
196,41,229
196,42,229
196,43,229
196,44,228
196,45,228
196,46,228
196,47,227
196,48,227
196,49,227
196,50,226
196,51,226
196,52,225
196,53,225
196,54,225
196,55,225
196,56,224
196,57,224
196,58,224
196,59,224
196,60,222
196,63,221
196,66,218
196,67,218
196,68,218
196,69,218
196,70,218
196,71,218
196,72,216
196,73,216
196,74,216
196,75,216
196,76,215
196,77,215
196,78,215
196,79,214
196,80,214
196,81,214
196,82,213
196,83,213
196,84,213
196,85,212
196,86,212
196,87,212
196,88,212
196,89,212
196,90,211
196,91,211
197,35,231
197,36,231
197,37,231
197,38,231
197,39,231
197,40,229
197,41,229
197,42,229
197,43,229
197,44,228
197,45,228
197,46,227
197,47,227
197,48,227
197,49,227
197,50,226
197,51,226
197,52,225
197,53,225
197,54,225
197,55,224
197,56,224
197,57,224
197,58,224
197,59,223
197,60,222
197,61,222
197,62,221
197,63,221
197,64,221
197,65,220
197,66,220
197,67,218
197,68,218
197,69,218
197,70,218
197,71,218
197,72,217
197,73,216
197,74,216
197,75,216
197,76,216
197,77,215
197,78,215
197,79,215
197,80,214
197,81,214
197,82,213
197,83,213
197,84,213
197,85,212
197,86,212
197,87,212
197,88,212
197,89,212
198,39,229
198,40,229
198,41,229
198,42,229
198,43,228
198,44,228
198,45,228
198,46,227
198,47,227
198,48,227
198,49,226
198,50,226
198,51,226
198,52,225
198,53,225
198,54,225
198,55,224
198,56,224
198,57,224
198,58,223
198,59,223
198,60,222
198,61,222
198,62,221
198,63,221
198,64,221
198,65,220
198,66,220
198,67,219
198,68,218
198,69,218
198,70,218
198,71,218
198,72,217
198,73,217
198,74,216
198,75,216
198,76,216
198,77,215
198,78,215
198,79,215
198,80,215
198,81,214
198,82,214
198,83,213
198,84,213
198,85,213
198,86,212
198,87,212
198,88,212
198,89,212
199,39,229
199,40,229
199,41,229
199,42,228
199,43,228
199,44,228
199,45,227
199,46,227
199,47,227
199,48,226
199,49,226
199,50,226
199,51,226
199,52,225
199,53,225
199,54,224
199,55,224
199,56,224
199,57,224
199,58,223
199,59,223
199,60,222
199,61,222
199,62,221
199,63,221
199,64,221
199,65,220
199,66,220
199,67,219
199,68,219
199,69,218
199,70,218
199,71,218
199,72,217
199,73,217
199,74,216
199,75,216
199,76,216
199,77,215
199,78,215
199,79,215
199,80,215
199,81,215
199,82,214
199,83,214
199,84,213
199,85,213
199,86,213
200,41,228
200,42,228
200,43,228
200,44,227
200,45,227
200,46,227
200,47,227
200,48,226
200,49,226
200,50,226
200,51,226
200,52,225
200,53,225
200,54,224
200,55,224
200,56,224
200,57,223
200,58,223
200,59,223
200,60,222
200,61,222
200,62,221
200,63,221
200,64,221
200,65,220
200,66,220
200,67,219
200,68,219
200,69,218
200,70,218
200,71,218
200,72,217
200,73,217
200,74,216
200,75,216
200,76,216
200,77,216
200,78,215
200,79,215
200,80,215
200,81,215
200,82,215
200,83,214
200,84,214
201,43,227
201,44,227
201,45,227
201,46,227
201,47,226
201,48,226
201,49,226
201,50,226
201,51,226
201,52,225
201,53,225
201,54,224
201,55,224
201,56,224
201,57,223
201,58,223
201,59,223
201,60,222
201,61,222
201,62,221
201,63,221
201,64,221
201,65,220
201,66,220
201,67,219
201,68,219
201,69,218
201,70,218
201,71,218
201,72,217
201,73,217
201,74,217
201,75,216
201,76,216
201,77,216
201,78,215
201,79,215
201,80,215
201,81,215
201,82,215
